distribuidora;cnpj;fio_b_reais_por_kwh;inicio_vigencia;fim_vigencia;resolucao_homologatoria
CASTRO-DIS;30460297000139;0,143250038976;2026-07-30;2027-07-29;RESOLUÇÃO HOMOLOGATÓRIA Nº 2.813, DE 30 DE JULHO DE 2026
CEA;5965546000109;0,3888552103729999;2026-04-13;2027-05-24;
CEDRAP;60196987000193;0,53926526241;2026-01-01;2026-11-29;RESOLUÇÃO HOMOLOGATÓRIA Nº 3.549, DE 25 DE NOVEMBRO DE 2025
CEDRI;50105865000190;0,291514714271;2026-01-01;2026-09-29;RESOLUÇÃO HOMOLOGATÓRIA Nº 3.531, DE 23 DE SETEMBRO DE 2025
CEEE-D;8467115000100;0,187301349404;2026-01-01;2026-11-21;RESOLUÇÃO HOMOLOGATÓRIA Nº 3.547, DE 18 DE NOVEMBRO DE 2025
CEGERO;86444163000189;0,125760546627;2026-01-01;2026-09-29;RESOLUÇÃO HOMOLOGATÓRIA Nº 3.520, DE 23 DE SETEMBRO DE 2025
CEJAMA;85665990000130;0,294868334367;2026-01-01;2026-09-29;RESOLUÇÃO HOMOLOGATÓRIA Nº 3.536, DE 23 DE SETEMBRO DE 2025
CELESC;8336783000190;0,1327903012289999;2026-08-22;2027-08-21;RESOLUÇÃO HOMOLOGATÓRIA Nº 3.602, DE 21 DE AGOSTO DE 2026
CELETRO;87776043000141;0,25943142893;2026-07-30;2027-07-29;RESOLUÇÃO HOMOLOGATÓRIA Nº 2.812, DE 30 DE JULHO DE 2026
CEMIG-D;6981180000116;0,268192959076;2026-05-28;2027-05-27;RESOLUÇÃO HOMOLOGATÓRIA Nº 3.589, DE 26 DE MAIO DE 2026
CEMIRIM;52777034000190;0,231604461216;2026-05-29;2027-05-28;RESOLUÇÃO HOMOLOGATÓRIA Nº 1.901, DE 26 DE MAIO DE 2026
CEPRAG;78274610000170;0,354452857325;2026-01-01;2026-12-21;RESOLUÇÃO HOMOLOGATÓRIA Nº 3.563, DE 9 DE DEZEMBRO DE 2025
CERAL ANITÁPOLIS;75826404000138;0,427077690149;2026-01-01;2026-11-29;RESOLUÇÃO HOMOLOGATÓRIA Nº 3.550, DE 25 DE NOVEMBRO DE 2025
CERAL ARARUAMA;28610236000169;0,610592852599;2026-04-29;2027-04-28;RESOLUÇÃO HOMOLOGATÓRIA Nº 1.463, DE 28 DE ABRIL DE 2026
CERAL-DIS;10532365000110;0,248971079177;2026-07-30;2027-07-29;RESOLUÇÃO HOMOLOGATÓRIA Nº 2.811, DE 30 DE JULHO DE 2026
CERBRANORTE;86433042000131;0,164887423078;2026-01-01;2026-09-29;RESOLUÇÃO HOMOLOGATÓRIA Nº 3.538, DE 23 DE SETEMBRO DE 2025
CERCI;27707397000102;0,562901926161;2026-04-29;2027-04-28;RESOLUÇÃO HOMOLOGATÓRIA Nº 1.464, DE 28 DE ABRIL DE 2026
CERCOS;13107842000199;0,427514079344;2026-05-29;2027-05-28;RESOLUÇÃO HOMOLOGATÓRIA Nº 1.902, DE 26 DE MAIO DE 2026
CEREJ;82574864000181;0,384017693667;2026-01-01;2026-09-29;RESOLUÇÃO HOMOLOGATÓRIA Nº 3.532, DE 23 DE SETEMBRO DE 2025
CERES;31465487000101;0,605127446027;2026-04-29;2027-04-28;RESOLUÇÃO HOMOLOGATÓRIA Nº 1.454, DE 28 DE ABRIL DE 2026
CERFOX;97505838000179;0,265274004637;2026-07-30;2027-07-29;RESOLUÇÃO HOMOLOGATÓRIA Nº 2.840, DE 30 DE JULHO DE 2026
CERGAL;86439510000185;0,344986200973;2026-01-01;2026-09-29;RESOLUÇÃO HOMOLOGATÓRIA Nº 3.539, DE 23 DE SETEMBRO DE 2025
CERGAPA;1229747000189;0,230892983537;2026-01-01;2026-09-29;RESOLUÇÃO HOMOLOGATÓRIA Nº 3.521, DE 23 DE SETEMBRO DE 2025
CERGRAL;86449170000173;0,361691668478;2026-01-01;2026-09-29;RESOLUÇÃO HOMOLOGATÓRIA Nº 3.540, DE 23 DE SETEMBRO DE 2025
CERILUZ;87656989000174;0,141401525019;2026-07-30;2027-07-29;RESOLUÇÃO HOMOLOGATÓRIA Nº 2.854, DE 30 DE JULHO DE 2026
CERIM;50235449000107;0,3438157854099999;2026-01-01;2026-11-29;RESOLUÇÃO HOMOLOGATÓRIA Nº 3.551, DE 25 DE NOVEMBRO DE 2025
CERIPa;49606312000132;0,33363798323;2026-04-29;2027-04-28;RESOLUÇÃO HOMOLOGATÓRIA Nº 1.462, DE 28 DE ABRIL DE 2026
CERIS;57384943000182;0,395427715131;2026-07-30;2027-07-29;RESOLUÇÃO HOMOLOGATÓRIA Nº 2.814, DE 30 DE JULHO DE 2026
CERMC;52548732000114;0,3353613020309999;2026-01-01;2026-11-29;RESOLUÇÃO HOMOLOGATÓRIA Nº 3.552, DE 25 DE NOVEMBRO DE 2025
CERMISSÕES;97081434000103;0,27498995708;2026-07-30;2027-07-29;RESOLUÇÃO HOMOLOGATÓRIA Nº 2.815, DE 30 DE JULHO DE 2026
CERMOFUL;86533346000170;0,352465685664;2026-01-01;2026-09-29;RESOLUÇÃO HOMOLOGATÓRIA Nº 3.522, DE 23 DE SETEMBRO DE 2025
CERPALO;85318640000105;0,431007047234;2026-01-01;2026-09-29;RESOLUÇÃO HOMOLOGATÓRIA Nº 3.523, DE 23 DE SETEMBRO DE 2025
CERPRO;44560381000139;0,301362884557;2026-05-29;2027-05-28;RESOLUÇÃO HOMOLOGATÓRIA Nº 1.906, DE 26 DE MAIO DE 2026
CERRP;46598678000119;0,304621396312;2026-05-29;2027-05-28;RESOLUÇÃO HOMOLOGATÓRIA Nº 1.904, DE 26 DE MAIO DE 2026
CERSAD DISTRIBUI;11615872000180;0,2572680822099999;2026-01-01;2026-09-29;RESOLUÇÃO HOMOLOGATÓRIA Nº 3.524, DE 23 DE SETEMBRO DE 2025
CERSUL;86512670000102;0,227220782011;2026-01-01;2026-09-29;RESOLUÇÃO HOMOLOGATÓRIA Nº 3.525, DE 23 DE SETEMBRO DE 2025
CERTAJA;97839922000129;0,215789652588;2026-07-30;2027-07-29;RESOLUÇÃO HOMOLOGATÓRIA Nº 2.822, DE 30 DE JULHO DE 2026
CERTEL ENERGIA;9257558000121;0,292489872088;2026-07-30;2027-07-29;RESOLUÇÃO HOMOLOGATÓRIA Nº 2.842, DE 30 DE JULHO DE 2026
CERTHIL;98042963000152;0,135024798173;2026-07-30;2027-07-29;RESOLUÇÃO HOMOLOGATÓRIA Nº 2.844, DE 30 DE JULHO DE 2026
CERTREL;76583962000182;0,5973049749179999;2026-01-01;2026-09-29;RESOLUÇÃO HOMOLOGATÓRIA Nº 3.526, DE 23 DE SETEMBRO DE 2025
CERVAM;55188502000180;0,300329829664;2026-01-01;2026-09-29;RESOLUÇÃO HOMOLOGATÓRIA Nº 3.527, DE 23 DE SETEMBRO DE 2025
CETRIL;49313653000110;0,384984259006;2026-01-01;2026-11-29;RESOLUÇÃO HOMOLOGATÓRIA Nº 3.553, DE 25 DE NOVEMBRO DE 2025
CHESP;1377555000110;0,288013375326;2026-01-01;2026-11-21;RESOLUÇÃO HOMOLOGATÓRIA Nº 3.545, DE 11 DE NOVEMBRO DE 2025
COCEL;75805895000130;0,153571440968;2026-06-29;2027-06-28;RESOLUÇÃO HOMOLOGATÓRIA Nº 3.595, DE 30 DE JUNHO DE 2026
CODESAM;11810343000138;0,145588521201;2026-01-01;2026-09-29;RESOLUÇÃO HOMOLOGATÓRIA Nº 3.528, DE 23 DE SETEMBRO DE 2025
COELBA;15139629000194;0,34953480851;2026-04-22;2027-04-21;RESOLUÇÃO HOMOLOGATÓRIA Nº 3.578, DE 22 DE ABRIL DE 2026
COOPERA;83646653000170;0,33728326618;2026-01-01;2026-09-29;RESOLUÇÃO HOMOLOGATÓRIA Nº 3.533, DE 23 DE SETEMBRO DE 2025
COOPERCOCAL;86532348000145;0,24013625669;2026-01-01;2026-09-29;RESOLUÇÃO HOMOLOGATÓRIA Nº 3.534, DE 23 DE SETEMBRO DE 2025
COOPERLUZ;95824322000161;0,021030944253;2026-07-30;2027-07-29;RESOLUÇÃO HOMOLOGATÓRIA Nº 2.823, DE 30 DE JULHO DE 2026
COOPERMILA;75568154000183;0,117479648929;2026-01-01;2026-09-29;RESOLUÇÃO HOMOLOGATÓRIA Nº 3.535, DE 23 DE SETEMBRO DE 2025
COOPERNORTE;88022918000182;0,51189414968;2026-01-01;2026-12-21;RESOLUÇÃO HOMOLOGATÓRIA Nº 3.561, DE 9 DE DEZEMBRO DE 2025
COOPERSUL;87462750000163;0,1950220223089999;2026-01-01;2026-12-21;RESOLUÇÃO HOMOLOGATÓRIA Nº 3.562, DE 9 DE DEZEMBRO DE 2025
COOPERZEM;78829843000192;0,229048243445;2026-01-01;2026-09-29;RESOLUÇÃO HOMOLOGATÓRIA Nº 3.529, DE 23 DE SETEMBRO DE 2025
COORSEL;86448057000173;0,258298701006;2026-01-01;2026-09-29;RESOLUÇÃO HOMOLOGATÓRIA Nº 3.530, DE 23 DE SETEMBRO DE 2025
COPEL-DIS;4368898000106;0,214535600374;2026-06-24;2027-06-23;RESOLUÇÃO HOMOLOGATÓRIA Nº 3.592, DE 23 DE JUNHO DE 2026
COPREL;90660754000160;0,08997160761;2026-07-30;2027-07-29;RESOLUÇÃO HOMOLOGATÓRIA Nº 2.825, DE 30 DE JULHO DE 2026
COSERN;8324196000181;0,266995788776;2026-04-22;2027-04-21;RESOLUÇÃO HOMOLOGATÓRIA Nº 3.573, DE 22 DE ABRIL DE 2026
CPFL Santa Cruz;53859112000169;0,272853211138;2026-04-22;2027-04-21;RESOLUÇÃO HOMOLOGATÓRIA Nº 3.580, DE 22 DE ABRIL DE 2026
CPFL-PAULISTA;33050196000188;0,200529254993;2026-04-08;2027-04-07;RESOLUÇÃO HOMOLOGATÓRIA Nº 3.579, DE 22 DE ABRIL DE 2026
CPFL-PIRATINING;4172213000151;0,1890081643739999;2026-01-01;2026-10-22;RESOLUÇÃO HOMOLOGATÓRIA Nº 3.543, DE 21 DE OUTUBRO DE 2025
CRELUZ-D;91950261000128;0,2550533016869999;2026-07-30;2027-07-29;RESOLUÇÃO HOMOLOGATÓRIA Nº 2.847, DE 30 DE JULHO DE 2026
Ceraçá;9364804000144;0,274541988363;2026-01-01;2026-09-29;RESOLUÇÃO HOMOLOGATÓRIA Nº 3.537, DE 23 DE SETEMBRO DE 2025
DCELT;83855973000130;0,1425117624179999;2026-08-29;2027-08-28;RESOLUÇÃO HOMOLOGATÓRIA Nº 3.380, DE 28 DE AGOSTO DE 2026
DEMEI;95289500000100;0,1518654136019999;2026-07-22;2027-07-21;RESOLUÇÃO HOMOLOGATÓRIA Nº 2.675, DE 22 DE JULHO DE 2026
DMED;23664303000104;0,213799059564;2026-01-01;2026-11-17;RESOLUÇÃO HOMOLOGATÓRIA Nº 3.548, DE 18 DE NOVEMBRO DE 2025
EAC;4065033000170;0,367630407487;2026-08-26;2026-12-12;RESOLUÇÃO HOMOLOGATÓRIA Nº 3.318, DE 24 DE AGOSTO DE 2026
EDP ES;28152650000171;0,209151592196;2026-08-07;2027-08-06;RESOLUÇÃO HOMOLOGATÓRIA Nº 3.600, DE 31 DE JULHO DE 2026
EDP SP;2302100000106;0,198765645709;2026-01-01;2026-10-22;RESOLUÇÃO HOMOLOGATÓRIA Nº 3.541, DE 14 DE OUTUBRO DE 2025
ELEKTRO;2328280000197;0,224653995426;2026-08-27;2027-08-26;RESOLUÇÃO HOMOLOGATÓRIA Nº 3.605, DE 26 DE AGOSTO DE 2026
ELETROCAR;88446034000155;0,22141433501;2026-07-22;2027-07-21;RESOLUÇÃO HOMOLOGATÓRIA Nº 2.673, DE 22 DE JULHO DE 2026
ELETROPAULO;61695227000193;0,212077381229;2026-07-04;2027-07-03;RESOLUÇÃO HOMOLOGATÓRIA Nº 3.596, DE 3 DE JULHO DE 2026
EMR;19527639000158;0,308447953809;2026-06-22;2027-06-21;RESOLUÇÃO HOMOLOGATÓRIA Nº 3.591, DE 19 DE JUNHO DE 2026
EMS;15413826000150;0,3461256480999999;2026-04-22;2027-04-21;RESOLUÇÃO HOMOLOGATÓRIA Nº 3.582, DE 22 DE ABRIL DE 2026
EMT;3467321000199;0,315104103378;2026-04-08;2027-04-07;RESOLUÇÃO HOMOLOGATÓRIA Nº 3.581, DE 22 DE ABRIL DE 2026
ENEL CE;7047251000170;0,283714420722;2026-08-26;2027-04-21;RESOLUÇÃO HOMOLOGATÓRIA Nº 3.324, DE 24 DE AGOSTO DE 2026
ENEL RJ;33050071000158;0,361024797517;2026-03-15;2027-03-14;RESOLUÇÃO HOMOLOGATÓRIA Nº 3.570, DE 10 DE MARÇO DE 2026
EPB;9095183000140;0,236108488553;2026-08-28;2027-08-27;RESOLUÇÃO HOMOLOGATÓRIA Nº 3.603, DE 28 DE AGOSTO DE 2026
EQUATORIAL AL;12272084000100;0,311332718565;2026-05-03;2027-05-02;RESOLUÇÃO HOMOLOGATÓRIA Nº 3.584, DE 28 DE ABRIL DE 2026
EQUATORIAL GO;1543032000104;0,291857543219;2026-01-01;2026-10-21;RESOLUÇÃO HOMOLOGATÓRIA Nº 3.544, DE 21 DE OUTUBRO DE 2025
EQUATORIAL MA;6272793000184;0,325143960791;2026-08-28;2027-08-27;RESOLUÇÃO HOMOLOGATÓRIA Nº 3.604, DE 26 DE AGOSTO DE 2026
EQUATORIAL PA;4895728000180;0,385823850091;2026-01-01;2026-12-31;RESOLUÇÃO HOMOLOGATÓRIA Nº 3.507, DE 5 DE AGOSTO DE 2025
EQUATORIAL PI;6840748000189;0,364876794462;2026-01-01;2026-12-01;RESOLUÇÃO HOMOLOGATÓRIA Nº 3.555, DE 25 DE NOVEMBRO DE 2025
ERO;5914650000166;0,4040156438039999;2026-08-26;2026-12-12;RESOLUÇÃO HOMOLOGATÓRIA Nº 3.320, DE 24 DE AGOSTO DE 2026
ESE;13017462000163;0,254991370353;2026-04-22;2027-04-21;RESOLUÇÃO HOMOLOGATÓRIA Nº 3.575, DE 22 DE ABRIL DE 2026
ESS;7282377000120;0,200814805602;2026-07-12;2027-07-11;RESOLUÇÃO HOMOLOGATÓRIA Nº 3.599, DE 15 DE JULHO DE 2026
ETO;25086034000171;0,441478264374;2026-08-26;2027-08-25;RESOLUÇÃO HOMOLOGATÓRIA Nº 3.323, DE 24 DE AGOSTO DE 2026
HIDROPAN;91982348000187;0,201070075805;2026-07-22;2027-07-21;RESOLUÇÃO HOMOLOGATÓRIA Nº 2.678, DE 22 DE JULHO DE 2026
LIGHT SESA;60444437000146;0,225345640877;2026-03-15;2027-03-14;RESOLUÇÃO HOMOLOGATÓRIA Nº 3.571, DE 10 DE MARÇO DE 2026
MUXENERGIA;97578090000134;0,1582484839519999;2026-07-22;2027-07-21;RESOLUÇÃO HOMOLOGATÓRIA Nº 2.680, DE 22 DE JULHO DE 2026
Neoenergia Brasília;7522669000192;0,13327002528;2026-01-01;2026-10-21;RESOLUÇÃO HOMOLOGATÓRIA Nº 3.542, DE 21 DE OUTUBRO DE 2025
Neoenergia PE;10835932000108;0,260677899668;2026-04-29;2027-04-28;RESOLUÇÃO HOMOLOGATÓRIA Nº 3.583, DE 28 DE ABRIL DE 2026
Não Informado;89435598000155;0,4152835473669999;2026-07-30;2027-07-29;RESOLUÇÃO HOMOLOGATÓRIA Nº 2.845, DE 30 DE JULHO DE 2026
PACTO ENERGIA PR;79850574000109;0,3748621151039999;2026-06-26;2027-06-25;RESOLUÇÃO HOMOLOGATÓRIA Nº 3.606, DE 26 DE AGOSTO DE 2026
RGE;2016440000162;0,300397052163;2026-06-19;2027-06-18;RESOLUÇÃO HOMOLOGATÓRIA Nº 3.590, DE 16 DE JUNHO DE 2026
SULGIPE;13255658000196;0,3064060103479999;2026-08-26;2027-05-21;RESOLUÇÃO HOMOLOGATÓRIA Nº 3.321, DE 24 DE AGOSTO DE 2026
UHENPAL;89889604000144;0,2459447558859999;2026-07-22;2027-07-21;RESOLUÇÃO HOMOLOGATÓRIA Nº 2.674, DE 22 DE JULHO DE 2026
ÂMBAR ENERGIA RR;2341470000144;0,200129910708;2026-01-25;2027-01-24;RESOLUÇÃO HOMOLOGATÓRIA Nº 3.565, DE 20 DE JANEIRO DE 2026
Âmbar Amazonas;2341467000120;0,17276018347;2026-05-26;2027-05-25;RESOLUÇÃO HOMOLOGATÓRIA Nº 3.588, DE 19 DE MAIO DE 2026
